ID,name,email
4ec93a0b-c500-4615-8950-c33edb6974b2,user1,user1@example.com
734f09b0-bafa-469e-afcc-589f5edd8bef,user2,user2@example.com
dad3525c-1ce1-4b5a-9edf-55a33c215aa5,user3,user3@example.com
26936e5d-0ea0-40d3-b9e5-7bb5c9947911,user4,user4@example.com
a67c353b-9c9f-4b35-877e-ef12b516d1bf,user5,user5@example.com
3ff8ddd9-a070-49a0-b0be-b1294499fc53,user6,user6@example.com
fb759058-3590-4409-b250-806dcc7735e1,user7,user7@example.com
53331120-92af-4939-94cd-0ff483b09be6,user8,user8@example.com
05dbf569-17f2-4a8b-a494-a2e6dd9047d9,user9,user9@example.com
